seriesRank,seriesTitle,seriesLink,overallRating,numberOfRatings,timeRange,episodes,seasons,storyline,genres,language,countries
1,Breaking Bad,https://www.imdb.com/title/tt0903747/?ref_=chttvtp_t_1,9.5,2500000,2008-2013,62,5,A chemistry teacher diagnosed with inoperable lung cancer turns to manufacturing and selling methamphetamine with a former student to secure his family's future.,"Comedy, Crime, Drama",English,United States
13,Game of Thrones,https://www.imdb.com/title/tt0944947/?ref_=chttvtp_t_13,9.2,2500000,2011-2019,74,8,"Nine noble families fight for control over the lands of Westeros, while an ancient enemy returns after being dormant for millennia.","Action, Adventure, Fantasy",English,United States
158,Stranger Things,https://www.imdb.com/title/tt4574334/?ref_=chttvtp_t_158,8.6,1700000,2016-2025,42,5,"In 1980s Indiana, a group of young friends witness supernatural forces and secret government exploits. As they search for answers, the children unravel a series of extraordinary mysteries.","Comedy, Fantasy, Horror",English,United States
57,Friends,https://www.imdb.com/title/tt0108778/?ref_=chttvtp_t_57,8.9,1200000,1994-2004,235,10,The personal and professional lives of six friends living in the Manhattan borough of New York City.,"Romance, Comedy",English,United States
23,Sherlock,https://www.imdb.com/title/tt1475582/?ref_=chttvtp_t_23,9,1100000,2010-2017,15,4,"In modern-day London, brilliant but eccentric detective Sherlock Holmes teams with war veteran Dr. John Watson to crack baffling crimes, outwit formidable foes, and aid Scotland Yard with razor-sharp deduction.","Crime, Thriller, Drama",English,United Kingdom
5,Chernobyl,https://www.imdb.com/title/tt7366338/?ref_=chttvtp_t_5,9.3,1000000,2019,5,1,"In April 1986, the city of Chernobyl in the Soviet Union suffers one of the worst nuclear disasters in the history of mankind. Consequently, many heroes put their lives on the line in the following days, weeks and months.","Documentary, Drama, History",English,United States
134,Dexter,https://www.imdb.com/title/tt0773262/?ref_=chttvtp_t_134,8.6,910000,2006-2013,96,8,"He's smart. He's lovable. He's Dexter Morgan, America's favorite serial killer, who spends his days solving crimes and his nights committing them.","Comedy, Drama, Thriller",English,United States
132,The Boys,https://www.imdb.com/title/tt1190634/?ref_=chttvtp_t_132,8.6,831000,2019-2026,40,5,A group of vigilantes set out to take down corrupt superheroes who abuse their superpowers.,"Comedy, Drama, Action",English,United States
27,The Office,https://www.imdb.com/title/tt0386676/?ref_=chttvtp_t_27,9,817000,2005-2013,191,9,"A mockumentary on a group of typical office workers, where the workday consists of ego clashes, inappropriate behavior, tedium and romance.",Comedy,English,United States
25,Better Call Saul,https://www.imdb.com/title/tt3032476/?ref_=chttvtp_t_25,9,801000,2015-2022,63,6,"Albuquerque lawyer Jimmy McGill scrapes for clients and respect, but every win drags him closer to shady deals, dangerous players, and the alter ego Saul Goodman.","Comedy, Crime, Drama",English,United States
93,Peaky Blinders,https://www.imdb.com/title/tt2442560/?ref_=chttvtp_t_93,8.7,753000,2013-2022,36,6,"A gangster family epic set in 1900s England, centering on a gang who sew razor blades in the peaks of their caps, and their fierce boss Tommy Shelby.","Crime, Drama",English,United Kingdom
49,True Detective,https://www.imdb.com/title/tt2356777/?ref_=chttvtp_t_49,8.8,741000,2014-,31,5,"Anthology series in which police investigations unearth the personal and professional secrets of those involved, both within and outside the law.","Drama, Crime, Thriller",English,United States
91,Black Mirror,https://www.imdb.com/title/tt2085059/?ref_=chttvtp_t_91,8.7,727000,2011-,34,8,"Featuring stand-alone dramas -- sharp, suspenseful, satirical tales that explore techno-paranoia -- ""Black Mirror"" is a contemporary reworking of ""The Twilight Zone"" with stories that tap into the collective unease about the modern world.","Thriller, Comedy, Sci-Fi",English,United Kingdom
22,Rick and Morty,https://www.imdb.com/title/tt2861424/?ref_=chttvtp_t_22,9,684000,2013-,85,12,The fractured domestic lives of a nihilistic mad scientist and his anxious grandson are further complicated by their inter-dimensional misadventures.,"Animation, Comedy, Drama",English,United States
17,Attack on Titan,https://www.imdb.com/title/tt2560140/?ref_=chttvtp_t_17,9.1,683000,2013-2023,98,4,"In a world where humanity shelters behind towering walls from man-eating Titans, a determined teen joins the elite Survey Corps to fight the giants and uncover the secrets of their origin.","Action, Animation, Horror",Japanese,Japan
202,The Queen's Gambit,https://www.imdb.com/title/tt10048342/?ref_=chttvtp_t_202,8.5,651000,2020,7,1,"Orphaned at the tender age of nine, prodigious introvert Beth Harmon discovers and masters the game of chess in 1960s USA. But child stardom comes at a price.",Drama,English,United States
146,The Mandalorian,https://www.imdb.com/title/tt8111088/?ref_=chttvtp_t_146,8.6,646000,2019-,25,4,"The travels of a lone bounty hunter in the outer reaches of the galaxy, far from the authority of the New Republic.","Action, Adventure, Fantasy",English,United States
4,Band of Brothers,https://www.imdb.com/title/tt0185906/?ref_=chttvtp_t_4,9.4,586000,2001,10,1,"The story of Easy Company of the U.S. Army 101st Airborne Division and their mission in World War II Europe, from Operation Overlord to V-J Day.","Drama, War, Action",English,United Kingdom
113,House M.D.,https://www.imdb.com/title/tt0412142/?ref_=chttvtp_t_113,8.7,585000,2004-2012,177,8,"Using a crack team of doctors and his wits, an antisocial maverick doctor specializing in diagnostic medicine does whatever it takes to solve puzzling cases that come his way.","Comedy, Drama",English,United States
8,The Sopranos,https://www.imdb.com/title/tt0141842/?ref_=chttvtp_t_8,9.2,564000,1999-2007,86,6,"New Jersey mob boss Tony Soprano deals with personal and professional issues in his home and business life that affect his mental state, leading him to seek professional psychiatric counseling.","Drama, Crime",English,United States
144,House of Cards,https://www.imdb.com/title/tt1856010/?ref_=chttvtp_t_144,8.6,556000,2013-2018,73,6,A Congressman works with his equally conniving wife to exact revenge on the people who betrayed him.,"Drama, Thriller",English,United States
97,Dark,https://www.imdb.com/title/tt5753856/?ref_=chttvtp_t_97,8.7,529000,2017-2020,26,3,"A family saga with a supernatural twist, set in a German town where the disappearance of two young children exposes the relationships among four families.","Drama, Thriller, Mystery",German,Germany
148,Daredevil,https://www.imdb.com/title/tt3322312/?ref_=chttvtp_t_148,8.6,522000,2015-2018,39,3,"A blind lawyer by day, vigilante by night. Matt Murdock fights the crime of New York as Daredevil.","Crime, Drama, Thriller",English,United States
81,Narcos,https://www.imdb.com/title/tt2707408/?ref_=chttvtp_t_81,8.7,521000,2015-2017,30,3,"A chronicled look at the criminal exploits of Colombian drug lord Pablo Escobar, as well as the many other drug kingpins who plagued the country through the years.","Documentary, Crime, Drama",English,United States
39,Death Note,https://www.imdb.com/title/tt0877057/?ref_=chttvtp_t_39,8.9,465000,2006-2007,37,2,An intelligent high school student goes on a secret crusade to eliminate criminals from the world after discovering a notebook capable of killing anyone whose name is written into it.,"Animation, Drama, Crime",Japanese,Japan
112,The Simpsons,https://www.imdb.com/title/tt0096697/?ref_=chttvtp_t_112,8.6,465000,1989-,857,40,The satiric half-hour adventures of a working-class family in the misfit city of Springfield.,"Animation, Comedy",English,United States
50,Fargo,https://www.imdb.com/title/tt2802850/?ref_=chttvtp_t_50,8.8,463000,2014-2024,51,5,"Various chronicles of deception, intrigue, and murder in and around frozen Minnesota. All of these tales mysteriously lead back one way or another to Fargo, North Dakota.","Comedy, Drama, Thriller",English,United States
204,Mr. Robot,https://www.imdb.com/title/tt4158110/?ref_=chttvtp_t_204,8.5,461000,2015-2019,45,4,"Elliot, a brilliant but unstable cyber-security engineer and vigilante hacker, becomes a key figure in a complex game of global chaos when he and his shadowy allies try to take down the corrupt corporation his company is paid to protect.","Thriller, Drama, Crime",English,United States
84,South Park,https://www.imdb.com/title/tt0121955/?ref_=chttvtp_t_84,8.7,440000,1997-,334,30,"The misadventures of four foul-mouthed, dirty-minded, irreverent grade-schoolers who live in the quiet, dysfunctional mountain town of South Park, Colorado.","Animation, Comedy",English,United States
26,Arcane,https://www.imdb.com/title/tt11126994/?ref_=chttvtp_t_26,9,432000,2021-2024,18,2,"Amid the stark discord of twin cities Piltover and Zaun, two sisters fight on rival sides of a war between magic technologies and clashing convictions.","Action, Animation, Fantasy",English,United States
87,Ted Lasso,https://www.imdb.com/title/tt10986410/?ref_=chttvtp_t_87,8.8,432000,2020-,44,4,"American college football coach Ted Lasso heads to London to manage AFC Richmond, a struggling English Premier League soccer team.","Drama, Comedy, Sport",English,United States
7,Avatar: The Last Airbender,https://www.imdb.com/title/tt0417299/?ref_=chttvtp_t_7,9.3,431000,2005-2008,62,3,"In a war-torn world of elemental powers, a young boy reawakens to undertake a dangerous mystic quest to fulfill his destiny as the Avatar, and bring peace to the world.","Adventure, Drama, Fantasy",English,United States
6,The Wire,https://www.imdb.com/title/tt0306414/?ref_=chttvtp_t_6,9.3,424000,2002-2008,60,5,"The Baltimore drug scene, as seen through the eyes of drug dealers and law enforcement.","Drama, Crime, Thriller",English,United States
150,Mindhunter,https://www.imdb.com/title/tt5290382/?ref_=chttvtp_t_150,8.6,390000,2017-2019,19,2,"In the late 1970s, two FBI agents broaden the realm of criminal science by investigating the psychology behind murder and end up getting too close to real-life monsters.","Drama, Documentary, Crime",English,United States
43,Seinfeld,https://www.imdb.com/title/tt0098904/?ref_=chttvtp_t_43,8.9,381000,1989-1998,172,9,The continuing misadventures of neurotic New York City stand-up comedian Jerry Seinfeld and his equally neurotic New York City friends.,Comedy,English,United States
116,Severance,https://www.imdb.com/title/tt11280740/?ref_=chttvtp_t_116,8.6,373000,2022-,20,3,"Mark leads a team of office workers whose memories have been surgically divided between their work and personal lives. When a mysterious colleague appears outside of work, it begins a journey to discover the truth about their jobs.","Thriller, Sci-Fi, Drama",English,United States
218,Sons of Anarchy,https://www.imdb.com/title/tt1124373/?ref_=chttvtp_t_218,8.5,351000,2008-2014,92,7,A biker struggles to balance being a father and being involved in an outlaw motorcycle club.,"Crime, Drama, Thriller",English,United States
61,Succession,https://www.imdb.com/title/tt7660850/?ref_=chttvtp_t_61,8.8,346000,2018-2023,39,4,"The Roy family is known for controlling the biggest media and entertainment company in the world. However, their world changes when their father steps down from the company.","Comedy, Drama",English,United States
54,One Piece,https://www.imdb.com/title/tt0388629/?ref_=chttvtp_t_54,9,341000,1999-,1177,28,"Rubber-bodied dreamer Monkey D. Luffy gathers an eclectic pirate crew and braves the perilous Grand Line, battling tyrants and monsters to claim the legendary ""One Piece"" and become King of the Pirates.","Action, Adventure, Animation",Japanese,Japan
119,Arrested Development,https://www.imdb.com/title/tt0367279/?ref_=chttvtp_t_119,8.6,341000,2003-2019,84,5,"Level-headed son Michael Bluth takes over family affairs after his father is imprisoned. But the rest of his spoiled, dysfunctional family are making his job unbearable.",Comedy,English,United States
194,The Haunting of Hill House,https://www.imdb.com/title/tt6763664/?ref_=chttvtp_t_194,8.5,324000,2018,10,1,"Flashing between past and present, a fractured family confronts haunting memories of their old home and the terrifying events that drove them from it.","Horror, Drama, Mystery",English,United States
129,Aspirants,https://www.imdb.com/title/tt14392248/?ref_=chttvtp_t_129,9.1,317000,2021-,10,2,It is the story of the journey of three UPSC (public service competitive exams in India) aspirants and their friendship against all odds.,Drama,Hindi,India
138,Parks and Recreation,https://www.imdb.com/title/tt1266020/?ref_=chttvtp_t_138,8.6,312000,2009-2015,124,7,The absurd antics of an Indiana town's public officials as they pursue sundry projects to make their city a better place.,Comedy,English,United States
250,Hannibal,https://www.imdb.com/title/tt2243973/?ref_=chttvtp_t_250,8.5,304000,2013-2015,39,3,Explores the early relationship between renowned psychiatrist Hannibal Lecter and a young FBI criminal profiler who is haunted by his ability to empathize with serial killers.,"Horror, Thriller, Crime",English,United States
239,The Bear,https://www.imdb.com/title/tt14452776/?ref_=chttvtp_t_239,8.5,303000,2022-,39,5,A young chef from the fine dining world returns to Chicago to run his family's sandwich shop.,"Drama, Comedy",English,United States
109,Invincible,https://www.imdb.com/title/tt6741278/?ref_=chttvtp_t_109,8.7,301000,2021-,26,5,"When 17-year-old Mark Grayson inherits superpowers, he becomes the superhero Invincible.","Animation, Drama, Thriller",English,United States
227,Yellowstone,https://www.imdb.com/title/tt4236770/?ref_=chttvtp_t_227,8.6,301000,2018-2024,53,5,A ranching family in Montana faces off against others encroaching on their land.,"Western, Drama",English,United States
37,Firefly,https://www.imdb.com/title/tt0303461/?ref_=chttvtp_t_37,8.9,299000,2002-2003,14,2,A renegade crew aboard a small spacecraft tries to survive as they travel the unknown parts of the galaxy and evade warring factions as well as authority agents out to get them.,"Sci-Fi, Adventure, Drama",English,United States
108,Mad Men,https://www.imdb.com/title/tt0804503/?ref_=chttvtp_t_108,8.7,286000,2007-2015,92,7,"A drama about one of New York's most prestigious ad agencies at the beginning of the 1960s, focusing on one of the firm's most mysterious but extremely talented ad executives, Donald Draper.",Drama,English,United States
58,It's Always Sunny in Philadelphia,https://www.imdb.com/title/tt0472954/?ref_=chttvtp_t_58,8.8,279000,2005-,178,18,Five friends with big egos and small brains are the proprietors of an Irish pub in Philadelphia.,Comedy,English,United States
143,The Crown,https://www.imdb.com/title/tt4786824/?ref_=chttvtp_t_143,8.6,278000,2016-2023,60,6,Follows the political rivalries and romances of Queen Elizabeth II's reign and the events that shaped Britain for the second half of the 20th century.,"Drama, Biography, History",English,United Kingdom
245,Futurama,https://www.imdb.com/title/tt0149460/?ref_=chttvtp_t_245,8.5,277000,1999-,180,14,"Philip J. Fry, a pizza delivery boy, is accidentally frozen in 1999 and thawed out on New Year's Eve 2999.","Animation, Comedy, Drama",English,United States
137,The X Files,https://www.imdb.com/title/tt0106179/?ref_=chttvtp_t_137,8.6,270000,1993-2018,217,11,"Two F.B.I. Agents, Fox Mulder the believer and Dana Scully the skeptic, investigate the strange and unexplained, while hidden forces work to impede their efforts.","Thriller, Crime, Mystery",English,United States
170,Andor,https://www.imdb.com/title/tt9253284/?ref_=chttvtp_t_170,8.6,266000,2022-2025,24,2,"In an era filled with danger, deception, and intrigue, Cassian Andor embarks on a path that is destined to turn him into a Rebel hero.","Action, Adventure, Sci-Fi",English,United States
102,Downton Abbey,https://www.imdb.com/title/tt1606375/?ref_=chttvtp_t_102,8.7,244000,2010-2015,52,6,A chronicle of the lives of the British aristocratic Crawley family and their servants in the early twentieth century.,"Drama, Romance",English,United Kingdom
80,Twin Peaks,https://www.imdb.com/title/tt0098936/?ref_=chttvtp_t_80,8.7,242000,1990-1991,30,2,An idiosyncratic FBI agent investigates the murder of a young woman in the even more idiosyncratic town of Twin Peaks.,"Drama, Crime, Thriller",English,United States
16,Fullmetal Alchemist: Brotherhood,https://www.imdb.com/title/tt1355642/?ref_=chttvtp_t_16,9.1,241000,2009-2010,68,2,Two brothers search for a Philosopher's Stone after an attempt to revive their deceased mother goes awry and leaves them in damaged physical forms.,"Animation, Drama, Fantasy",Japanese,Japan
103,Fleabag,https://www.imdb.com/title/tt5687612/?ref_=chttvtp_t_103,8.7,241000,2016-2019,12,2,Series adapted from the award-winning play about a young woman trying to cope with life in London whilst coming to terms with a recent tragedy.,"Comedy, Drama",English,United Kingdom
157,Shōgun,https://www.imdb.com/title/tt2788316/?ref_=chttvtp_t_157,8.6,239000,2024-2026,12,3,"When a mysterious European ship is found marooned in a nearby Japanese fishing village, Lord Yoshii Toranaga discovers secrets that could tip the scales of power and devastate his enemies.","Action, Drama, War",Japanese,United States
3,Planet Earth,https://www.imdb.com/title/tt0795176/?ref_=chttvtp_t_3,9.4,234000,2006,11,1,"A documentary series on the wildlife found on Earth. Each episode covers a different habitat: deserts, mountains, deep oceans, shallow seas, forests, caves, polar regions, fresh water, plains and jungles. Narrated by David Attenborough.","Documentary, Family",English,United Kingdom
169,The Penguin,https://www.imdb.com/title/tt15435876/?ref_=chttvtp_t_169,8.6,229000,2024,8,1,"Following the events of The Batman (2022), Oz Cobb, a.k.a. the Penguin, makes a play to seize the reins of the crime world in Gotham.","Crime, Drama",English,United States
68,BoJack Horseman,https://www.imdb.com/title/tt3398228/?ref_=chttvtp_t_68,8.8,227000,2014-2020,76,6,"BoJack Horseman was the star of the hit television show ""Horsin' Around"" in the '80s and '90s, but now he's washed up, living in Hollywood, complaining about everything, and wearing colorful sweaters.","Animation, Comedy, Drama",English,United States
140,One Punch Man,https://www.imdb.com/title/tt4508902/?ref_=chttvtp_t_140,8.6,221000,2015-,51,3,"The story of Saitama, a hero that does it just for fun & can defeat his enemies with a single punch.","Animation, Action, Comedy",Japanese,Japan
184,Demon Slayer: Kimetsu no Yaiba,https://www.imdb.com/title/tt9335498/?ref_=chttvtp_t_184,8.6,217000,2019-2024,63,4,"A family is attacked by demons and only two members survive - Tanjiro and his sister Nezuko, who is turning into a demon slowly. Tanjiro sets out to become a demon slayer to avenge his family and cure his sister.","Animation, Fantasy, Action",Japanese,Japan
104,Naruto: Shippuden,https://www.imdb.com/title/tt0988824/?ref_=chttvtp_t_104,8.7,216000,2007-2017,501,9,"Naruto Uzumaki, is a loud, hyperactive, adolescent ninja who constantly searches for approval and recognition, as well as to become Hokage, who is acknowledged as the leader and strongest of all ninja in the village.","Action, Adventure, Animation",Japanese,Japan
176,Boardwalk Empire,https://www.imdb.com/title/tt0979432/?ref_=chttvtp_t_176,8.6,216000,2010-2014,56,5,An Atlantic City politician plays both sides of the law by conspiring with gangsters during the Prohibition era.,"Drama, Crime",English,United States
95,Rome,https://www.imdb.com/title/tt0384766/?ref_=chttvtp_t_95,8.7,202000,2005-2007,22,2,The lives of both illustrious and ordinary Romans in the last days of the Roman Republic.,"Drama, Action, Romance",English,United Kingdom
237,The Expanse,https://www.imdb.com/title/tt3230854/?ref_=chttvtp_t_237,8.5,189000,2015-2022,62,6,"The disappearance of rich-girl-turned-political-activist links the lives of Ceres detective, accidental ship captain and U.N. politician. Amidst political tension between Earth, Mars and the Belt, they unravel the greatest conspiracy.","Sci-Fi, Drama, Mystery",English,United States
32,Hunter x Hunter,https://www.imdb.com/title/tt2098220/?ref_=chttvtp_t_32,9,187000,2011-2014,148,4,"Gon Freecss aspires to become a Hunter, an exceptional being capable of greatness. With his friends and his potential, he seeks out his father, who left him when he was younger.","Animation, Adventure, Fantasy",Japanese,Japan
105,Battlestar Galactica,https://www.imdb.com/title/tt0407362/?ref_=chttvtp_t_105,8.7,186000,2004-2009,74,4,"When an old enemy, the Cylons, resurface and obliterate the 12 colonies, the crew of the aged Galactica protect a small civilian fleet - the last of humanity - as they journey toward the fabled 13th colony, Earth.","Sci-Fi, Action, Adventure",English,United States
223,Jujutsu Kaisen,https://www.imdb.com/title/tt12343534/?ref_=chttvtp_t_223,8.5,185000,2020-,56,3,A boy swallows a cursed talisman - the finger of a demon - and becomes cursed himself. He enters a shaman's school to be able to locate the demon's other body parts and thus exorcise himself.,"Animation, Fantasy, Drama",Japanese,Japan
235,Silicon Valley,https://www.imdb.com/title/tt2575988/?ref_=chttvtp_t_235,8.5,180000,2014-2019,53,6,"Follows the struggle of Richard Hendricks, a Silicon Valley engineer trying to build his own company called Pied Piper.",Comedy,English,United States
19,The Last Dance,https://www.imdb.com/title/tt8420184/?ref_=chttvtp_t_19,9,178000,2020,10,1,"Led by Michael Jordan, the 1990s Chicago Bulls establish themselves as one of the most notable dynasties in sports history.","Documentary, Biography, History",English,United States
177,Archer,https://www.imdb.com/title/tt1486217/?ref_=chttvtp_t_177,8.6,175000,2009-2023,143,14,Covert black ops and espionage take a back seat to zany personalities and relationships between secret agents and drones.,"Animation, Comedy, Action",English,United States
198,The IT Crowd,https://www.imdb.com/title/tt0487831/?ref_=chttvtp_t_198,8.5,175000,2006-2013,25,5,"The comedic misadventures of Roy, Moss and their grifting supervisor Jen, a rag-tag team of IT support workers at a large corporation headed by a hotheaded yuppie.",Comedy,English,United Kingdom
72,Dragon Ball Z,https://www.imdb.com/title/tt0214341/?ref_=chttvtp_t_72,8.8,174000,1996-2003,277,16,"With the help of the powerful Dragonballs, a team of fighters led by the saiyan warrior Goku defend the planet earth from extraterrestrial enemies.","Animation, Action, Sci-Fi",Japanese,Japan
2,Planet Earth II,https://www.imdb.com/title/tt5491994/?ref_=chttvtp_t_2,9.4,173000,2016,6,1,David Attenborough returns with a new wildlife documentary that shows life in a variety of habitats.,Documentary,English,United Kingdom
40,Gravity Falls,https://www.imdb.com/title/tt1865718/?ref_=chttvtp_t_40,8.9,173000,2012-2016,41,2,"Twin siblings Dipper and Mabel Pines spend the summer at their great-uncle's tourist trap in the enigmatic Gravity Falls, Oregon.","Comedy, Fantasy, Animation",English,United States
126,This Is Us,https://www.imdb.com/title/tt5555260/?ref_=chttvtp_t_126,8.7,173000,2016-2022,106,6,"A heartwarming and emotional story about a unique set of triplets, their struggles, and their wonderful parents.","Drama, Comedy, Romance",English,United States
31,Scam 1992: The Harshad Mehta Story,https://www.imdb.com/title/tt12392504/?ref_=chttvtp_t_31,9.2,171000,2020,10,1,"The rise and fall of Harshad Mehta, a stockbroker who single-handedly took the stock market to great heights, is depicted.","Documentary, Drama, Crime",Hindi,India
234,Schitt's Creek,https://www.imdb.com/title/tt3526078/?ref_=chttvtp_t_234,8.5,169000,2015-2020,80,6,"After being a victim of fraud, Johnny Rose and his family go from extremely wealthy to penniless overnight. The only asset left to them is a small, unsophisticated town: Schitt's Creek. They relocate there. Culture shock ensues.",Comedy,English,Canada
48,Cowboy Bebop,https://www.imdb.com/title/tt0213338/?ref_=chttvtp_t_48,8.9,166000,1998-1999,26,2,The futuristic misadventures and tragedies of an easygoing bounty hunter and his partners.,"Animation, Drama, Sci-Fi",Japanese,Japan
64,Curb Your Enthusiasm,https://www.imdb.com/title/tt0264235/?ref_=chttvtp_t_64,8.8,165000,2000-2024,120,12,Larry David stars as an over-the-top version of himself in this comedy series that shows how seemingly trivial details of day-to-day life can precipitate a catastrophic chain of events.,Comedy,English,United States
94,Six Feet Under,https://www.imdb.com/title/tt0248654/?ref_=chttvtp_t_94,8.7,165000,2001-2005,63,5,"When death is your business, what is your life? Laced with irony and dark situational humor, the show approaches the subject of death through the eyes of the Fisher family, who owns and operates a funeral home in Los Angeles.","Comedy, Drama",English,United States
77,Freaks and Geeks,https://www.imdb.com/title/tt0193676/?ref_=chttvtp_t_77,8.8,163000,1999-2000,18,2,A high school mathlete starts hanging out with a group of burnouts while her younger brother navigates his freshman year.,"Comedy, Drama",English,United States
135,1883,https://www.imdb.com/title/tt13991232/?ref_=chttvtp_t_135,8.7,159000,2021-2022,10,2,"The post-Civil war generation of the Dutton family travels to Texas, and joins a wagon train undertaking the arduous journey west to Oregon, before settling in Montana to establish what would eventually become the Yellowstone Ranch.","Drama, Western",English,United States
55,When They See Us,https://www.imdb.com/title/tt7137906/?ref_=chttvtp_t_55,8.8,157000,2019,4,1,Five teens from Harlem become trapped in a nightmare when they're falsely accused of a brutal attack in Central Park. Based on the true story.,"Documentary, Drama, Crime",English,United States
123,The Marvelous Mrs. Maisel,https://www.imdb.com/title/tt5788792/?ref_=chttvtp_t_123,8.6,157000,2017-2023,43,5,"After her husband leaves her, young mother of two Miriam ""Midge"" Maisel discovers that she has a talent for stand-up comedy. Could this be her calling?","Drama, Comedy",English,United States
152,Mr. Bean,https://www.imdb.com/title/tt0096657/?ref_=chttvtp_t_152,8.6,149000,1990-1995,15,4,"Bumbling, childlike Mr. Bean has trouble completing the simplest of day-to-day tasks, but his perseverance and resourcefulness frequently allow him to find ingenious ways around problems.","Comedy, Family",English,United Kingdom
107,Star Trek: The Next Generation,https://www.imdb.com/title/tt0092455/?ref_=chttvtp_t_107,8.7,148000,1987-1994,176,7,"Set almost 100 years after Captain Kirk's five-year mission, a new generation of Starfleet officers sets off in the U.S.S. Enterprise-D on its own mission to go where no one has gone before.","Sci-Fi, Action, Adventure",English,United States
10,Cosmos,https://www.imdb.com/title/tt2395695/?ref_=chttvtp_t_10,9.2,139000,2014,13,1,An exploration of our discovery of the laws of nature and coordinates in space and time.,Documentary,English,United States
120,Top Gear,https://www.imdb.com/title/tt1628033/?ref_=chttvtp_t_120,8.7,136000,2002-2022,328,33,"The hosts talk about everything car-related. From new cars to how they're fueled, this show has it all.","Sport, Adventure, Comedy",English,United Kingdom
24,Batman: The Animated Series,https://www.imdb.com/title/tt0103359/?ref_=chttvtp_t_24,9,135000,1992-1995,85,4,"Billionaire Bruce Wayne secretly operates as Batman, a vigilante who battles a rouges' gallery of criminals and supervillains in Gotham City with the aid of various sidekicks and allies.","Animation, Drama, Action",English,United States
173,The Newsroom,https://www.imdb.com/title/tt1870479/?ref_=chttvtp_t_173,8.6,134000,2012-2014,25,3,"A newsroom undergoes some changes in its workings and morals as a new team is brought in, bringing unexpected results for its existing news anchor.",Drama,English,United States
233,The Office,https://www.imdb.com/title/tt0290978/?ref_=chttvtp_t_233,8.5,131000,2001-2003,14,3,The story of an office that faces closure when the company decides to downsize its branches. A documentary film crew follow staff and the manager David Brent as they continue their daily lives.,"Comedy, Drama",English,United Kingdom
131,Adventure Time,https://www.imdb.com/title/tt1305826/?ref_=chttvtp_t_131,8.6,130000,2010-2018,289,10,"A 12-year-old boy and his best friend, a wise 28-year-old dog with magical powers, go on a series of surreal adventures in a remote future.","Comedy, Animation, Adventure",English,United States
181,Justified,https://www.imdb.com/title/tt1489428/?ref_=chttvtp_t_181,8.6,129000,2010-2015,78,6,"Enforcing his own brand of justice, U.S. Marshal Raylan Givens, a strong-willed, quiet law-man haunted by his past, returns to his native town to see that justice is served to those in need.","Western, Drama, Crime",English,United States
30,Dexter: Resurrection,https://www.imdb.com/title/tt33043892/?ref_=chttvtp_t_30,9,127000,2025-,11,2,"Dexter Morgan awakens from a coma and sets out for New York City, determined to find Harrison and make things right. But when Miami Metro's Angel Batista arrives with questions, Dexter realizes his past is catching up to him fast.","Comedy, Drama, Thriller",English,United States
142,Deadwood,https://www.imdb.com/title/tt0348914/?ref_=chttvtp_t_142,8.6,127000,2004-2006,36,3,"A show set in the late 1800s, revolving around the characters of Deadwood, South Dakota; a town of deep corruption and crime.","Western, Drama, Crime",English,United States
71,Vinland Saga,https://www.imdb.com/title/tt10233448/?ref_=chttvtp_t_71,8.8,126000,2019-2023,48,2,"Following a tragedy, Thorfinn embarks on a journey with the man responsible for it to take his life in a duel as a true and honorable warrior.","Animation, Drama, Action",Japanese,Japan
189,What We Do in the Shadows,https://www.imdb.com/title/tt7908628/?ref_=chttvtp_t_189,8.5,125000,2019-2024,61,6,A look into the nightly lives of four vampires who have lived together on Staten Island for over a century.,"Comedy, Fantasy, Horror",English,United States
96,Oz,https://www.imdb.com/title/tt0118421/?ref_=chttvtp_t_96,8.7,116000,1997-2003,56,6,"Follows the daily activities of the Inmates at the Oswald Maximum Security Correctional Facility (aka ""Oz"" for short), an unusual prison where its criminal inhabitants face challenges head on behind bars and do all they can to stay alive.","Drama, Crime, Thriller",English,United States
69,Panchayat,https://www.imdb.com/title/tt12004706/?ref_=chttvtp_t_69,9,115000,2020-,32,4,"A comedy-drama, which captures the journey of an engineering graduate Abhishek, who for lack of a better job option joins as secretary of a Panchayat office in a remote village of Uttar Pradesh.","Drama, Comedy",Hindi,India
70,Fawlty Towers,https://www.imdb.com/title/tt0072500/?ref_=chttvtp_t_70,8.8,111000,1975-1979,12,2,"Hotel owner Basil Fawlty's incompetence, short fuse, and arrogance form a combination that ensures accidents and trouble are never far away.",Comedy,English,United Kingdom
201,The Family Man,https://www.imdb.com/title/tt9544034/?ref_=chttvtp_t_201,8.7,111000,2019-,26,3,"A working man from the National Investigation Agency tries to protect the nation from terrorism, but he also needs to keep his family safe from his secret job.","Action, Comedy, Crime",Hindi,India
212,Making a Murderer,https://www.imdb.com/title/tt5189670/?ref_=chttvtp_t_212,8.5,108000,2015-2018,20,2,"Filmed over a 10-year period, Steven Avery, a DNA exoneree who, while in the midst of exposing corruption in local law enforcement, finds himself the prime suspect in a grisly new crime.","Crime, Documentary",English,United States
20,The Twilight Zone,https://www.imdb.com/title/tt0052520/?ref_=chttvtp_t_20,9,107000,1959-1964,156,5,"Classic American Anthology series created by Rod Serling, featuring standalone stories of science fiction, fantasy, and horror, each with a twist ending or moral lesson.","Horror, Fantasy, Sci-Fi",English,United States
229,Neon Genesis Evangelion,https://www.imdb.com/title/tt0112159/?ref_=chttvtp_t_229,8.5,107000,1995-1996,26,4,"In a post-cataclysmic future, reluctant teen Shinji Ikari is called by his estranged father to pilot an Evangelion for NERV, humanity's last defense against invading Angels threatening Tokyo-3.","Action, Animation, Drama",Japanese,Japan
41,The Pitt,https://www.imdb.com/title/tt31938062/?ref_=chttvtp_t_41,8.9,106000,2025-,31,3,"The daily lives of healthcare professionals in a Pittsburgh hospital as they juggle personal crises, workplace politics, and the emotional toll of treating critically ill patients, revealing the resilience required in their noble calling.",Drama,English,United States
59,Last Week Tonight with John Oliver,https://www.imdb.com/title/tt3530232/?ref_=chttvtp_t_59,8.8,105000,2014-,405,12,Former Daily Show host and correspondent John Oliver brings his persona to this weekly news satire program.,Comedy,English,United States
75,Leyla ile Mecnun,https://www.imdb.com/title/tt1831164/?ref_=chttvtp_t_75,9,103000,2011-2023,144,7,"It is an unique and heartwarming show follows the extraordinary journey of a couple named Leyla and Mecnun. With Ali Atay portraying Mecnun and Ezgi Asaroglu as Leyla, the series has garnered a massive fan base and critical acclaim.","Adventure, Comedy, Drama",Turkish,Turkey
221,Solo Leveling,https://www.imdb.com/title/tt21209876/?ref_=chttvtp_t_221,8.5,103000,2024-,26,2,Follows the adventures of Sung Jinwoo in a world that is constantly threatened by monsters and evil forces. In his battles Sung transforms himself from the weakest hunter of all mankind to one of the strongest hunters in existence.,"Action, Animation, Fantasy",Japanese,Japan
76,Dragon Ball Z,https://www.imdb.com/title/tt0121220/?ref_=chttvtp_t_76,8.8,102000,1989-1996,291,8,"The adventures of Earth's martial arts defender, Son Goku, continue with a new family and the revelation of his alien origins. Now Goku and his allies must defend the planet from an onslaught of new extraterrestrial enemies.","Action, Animation, Drama",Japanese,Japan
79,Pride and Prejudice,https://www.imdb.com/title/tt0112130/?ref_=chttvtp_t_79,8.8,102000,1995,6,1,"While the arrival of wealthy gentlemen sends her marriage-minded mother into a frenzy, willful and opinionated Elizabeth Bennet matches wits with haughty Mr. Darcy.","Drama, Romance",English,United Kingdom
110,Blue Eye Samurai,https://www.imdb.com/title/tt13309742/?ref_=chttvtp_t_110,8.7,101000,2023-,9,2,"Driven by a dream of revenge against those who made her an outcast in Edo-period Japan, a young warrior cuts a bloody path toward her destiny.","Animation, Drama, Action",English,United States
125,Code Geass: Lelouch of the Rebellion,https://www.imdb.com/title/tt0994314/?ref_=chttvtp_t_125,8.7,100000,2006-2008,54,2,"After being given a mysterious power to control others, an outcast prince becomes the masked leader of the rebellion against an all-powerful empire.","Animation, Drama, Fantasy",Japanese,Japan
56,The West Wing,https://www.imdb.com/title/tt0200276/?ref_=chttvtp_t_56,8.9,98000,1999-2006,155,7,Follows US president Josiah Bartlet and his administration as they tackle various political issues in order to maintain peace and harmony in the nation.,Drama,English,United States
141,Atlanta,https://www.imdb.com/title/tt4288182/?ref_=chttvtp_t_141,8.6,97000,2016-2022,41,4,"Earn and his cousin Alfred try to make their way in the world through Atlanta's rap scene. Along the way they come face-to-face with social and economic issues touching on race, relationships, poverty, status, and parenthood.","Comedy, Drama",English,United States
100,The Shield,https://www.imdb.com/title/tt0286486/?ref_=chttvtp_t_100,8.7,96000,2002-2008,89,7,"A gang of corrupt Los Angeles Police Department cops uses illegal methods to maintain law and order, whilst engaging in a series of undercover dealings secretly in order to get rich.","Drama, Crime, Thriller",English,United States
99,The Grand Tour,https://www.imdb.com/title/tt5712554/?ref_=chttvtp_t_99,8.7,94000,2016-2024,46,6,"Jeremy, Richard and James embark on an adventure across the globe, driving new and exciting automobiles from manufacturers all over the world.","Sport, Adventure, Comedy",English,United Kingdom
85,Kota Factory,https://www.imdb.com/title/tt9432978/?ref_=chttvtp_t_85,9,91000,2019-2021,15,3,"In a city of coaching centers known to train India’s finest collegiate minds, an earnest but unexceptional student and his friends navigate campus life.","Comedy, Drama",Hindi,India
178,Dopesick,https://www.imdb.com/title/tt9174558/?ref_=chttvtp_t_178,8.6,91000,2021,8,1,"The series takes viewers to the epicenter of America's struggle with opioid addiction, from the boardrooms of Purdue Pharma, to a distressed Virginia mining community, to the hallways of the DEA.","Documentary, Drama",English,United States
89,Steins;Gate,https://www.imdb.com/title/tt1910272/?ref_=chttvtp_t_89,8.8,90000,2011-2015,26,3,"After discovering time travel, a university student and his colleagues must use their knowledge of it to stop an evil organization and their diabolical plans.","Animation, Drama, Comedy",Japanese,Japan
215,Twin Peaks,https://www.imdb.com/title/tt4093826/?ref_=chttvtp_t_215,8.5,88000,2017,18,1,Picks up 25 years after the inhabitants of a quaint northwestern town are stunned when their homecoming queen is murdered.,"Drama, Horror, Mystery",English,United States
67,Monty Python's Flying Circus,https://www.imdb.com/title/tt0063929/?ref_=chttvtp_t_67,8.8,87000,1969-1974,45,4,The original surreal sketch comedy showcase for the Monty Python troupe.,Comedy,English,United Kingdom
86,Over the Garden Wall,https://www.imdb.com/title/tt3718778/?ref_=chttvtp_t_86,8.7,87000,2014,10,1,Two brothers find themselves lost in a mysterious land and try to find their way home.,"Fantasy, Horror, Animation",English,United States
225,Louie,https://www.imdb.com/title/tt1492966/?ref_=chttvtp_t_225,8.5,85000,2010-2015,61,5,"The life of Louie C.K., a divorced comedian living in New York with two kids.","Comedy, Drama",English,United States
246,Fullmetal Alchemist,https://www.imdb.com/title/tt0421357/?ref_=chttvtp_t_246,8.5,85000,2003-2004,51,4,"When a failed alchemical ritual leaves brothers Edward and Alphonse Elric with severely damaged bodies, they begin searching for the one thing that can save them: the fabled philosopher's stone.","Animation, Fantasy, Drama",Japanese,Japan
149,The Bridge,https://www.imdb.com/title/tt1733785/?ref_=chttvtp_t_149,8.6,84000,2011-2018,38,4,"When a body is found on the bridge between Denmark and Sweden, right on the border, Danish inspector Martin Rohde and Swedish Saga Norén have to share jurisdiction and work together to find the killer.","Thriller, Drama, Crime",Swedish,Sweden
186,Battlestar Galactica,https://www.imdb.com/title/tt0314979/?ref_=chttvtp_t_186,8.5,84000,2003,2,1,"Following the destruction of the Twelve Colonies of Kobol by the Cylons, a rag-tag fugitive fleet of the last remnants of mankind flees the pursuing Cylons while simultaneously searching for their true home: Earth.","Sci-Fi, Action, Adventure",English,United States
29,Clarkson's Farm,https://www.imdb.com/title/tt10541088/?ref_=chttvtp_t_29,9,83000,2021-,33,5,Follow Jeremy Clarkson as he attempts to run a farm in the countryside.,"Documentary, Comedy",English,United Kingdom
118,Line of Duty,https://www.imdb.com/title/tt2303687/?ref_=chttvtp_t_118,8.7,80000,2012-,42,7,British crime drama series following a team of elite detectives tasked with investigating police corruption.,"Drama, Crime, Mystery",English,United Kingdom
60,TVF Pitchers,https://www.imdb.com/title/tt4742876/?ref_=chttvtp_t_60,9.1,79000,2015-2022,10,2,A story of trials and tribulations of four young entrepreneurs who quit their day jobs in order to pursue their start up venture.,"Comedy, Drama",Hindi,India
92,Heated Rivalry,https://www.imdb.com/title/tt35495073/?ref_=chttvtp_t_92,9,79000,2025-,7,2,"Two rival hockey stars at the top of their game face an unexpected challenge when they develop feelings for each other, complicating their careers and the sport's expectations.","Romance, Drama, Sport",English,Canada
171,Anne,https://www.imdb.com/title/tt5421602/?ref_=chttvtp_t_171,8.6,79000,2017-2019,27,3,The adventures of a young orphan girl living in late-19th-century Canada. Follow Anne as she learns to navigate her new life on Prince Edward Island in this new take on L.M. Montgomery's classic novels.,"Drama, Family",English,Canada
78,Chappelle's Show,https://www.imdb.com/title/tt0353049/?ref_=chttvtp_t_78,8.8,78000,2003-2006,33,3,Comedian Dave Chappelle hosts this sketch-comedy show that parodies many of the nuances of race and culture.,Comedy,English,United States
121,Friday Night Lights,https://www.imdb.com/title/tt0758745/?ref_=chttvtp_t_121,8.7,78000,2006-2011,76,5,"A drama that follows the lives of the Dillon Panthers, one of the nation's best high school football teams, and their head coach Eric Taylor.","Drama, Sport",English,United States
88,Berserk,https://www.imdb.com/title/tt0318871/?ref_=chttvtp_t_88,8.7,75000,1997-1998,25,2,"Guts, a wandering mercenary, joins the Band of the Hawk after being defeated in a duel by Griffith, the group's leader and founder. Together, they dominate every battle, but something menacing lurks in the shadows.","Action, Animation, Adventure",Japanese,Japan
187,Dragon Ball,https://www.imdb.com/title/tt0088509/?ref_=chttvtp_t_187,8.5,75000,1986-1989,153,4,"A young martial artist named Goku teams up with inventor Bulma and other quirky allies on a globe-trotting quest to find the seven Dragon Balls, mystical orbs that can summon a wish-granting dragon.","Animation, Action, Adventure",Japanese,Japan
193,Dragon Ball,https://www.imdb.com/title/tt0280249/?ref_=chttvtp_t_193,8.5,75000,1995-2003,154,9,"Dragon Ball tells the tale of a young warrior by the name of Son Goku, a young peculiar boy with a tail who embarks on a quest to become stronger and learns of the Dragon Balls, when, once all 7 are gathered, grant any wish of choice.","Animation, Action, Adventure",English,Japan
213,Derry Girls,https://www.imdb.com/title/tt7120662/?ref_=chttvtp_t_213,8.5,74000,2018-2022,19,3,The personal exploits of a 16-year-old girl and her family and friends during the Troubles in the early 1990s in Northern Ireland.,Comedy,English,United Kingdom
62,Bleach: Thousand-Year Blood War,https://www.imdb.com/title/tt14986406/?ref_=chttvtp_t_62,9,73000,2022-,42,4,"The peace is suddenly broken when warning sirens blare through the Soul Society. Residents are disappearing without a trace and nobody knows who's behind it. Meanwhile, a darkness is approaching Ichigo and his friends in Karakura Town.","Action, Animation, Adventure",Japanese,Japan
106,Peep Show,https://www.imdb.com/title/tt0387764/?ref_=chttvtp_t_106,8.7,73000,2003-2015,54,9,Mark and Jez are a couple of twenty-something roommates who have nothing in common - except for the fact that their lives are anything but normal. Mayhem ensues as the pair strive to cope with day-to-day life.,Comedy,English,United Kingdom
200,Regular Show,https://www.imdb.com/title/tt1710308/?ref_=chttvtp_t_200,8.6,72000,2010-2017,244,8,The surreal misadventures of two best friends--a blue jay and a raccoon--as they seek to liven up their mundane jobs as groundskeepers at the local park.,"Comedy, Animation, Action",English,United States
209,Happy Valley,https://www.imdb.com/title/tt3428912/?ref_=chttvtp_t_209,8.5,72000,2014-2023,18,3,Yorkshire-based crime drama centering on the personal and professional life of Police Sergeant Catherine Cawood.,"Drama, Crime, Thriller",English,United Kingdom
197,Flight of the Conchords,https://www.imdb.com/title/tt0863046/?ref_=chttvtp_t_197,8.5,69000,2007-2009,22,2,"Bret and Jemaine are Flight of the Conchords, a folk-rock band from New Zealand living in New York City in search of stardom.","Comedy, Musical",English,United States
65,The Chosen,https://www.imdb.com/title/tt5622316/?ref_=chttvtp_t_65,9.1,67000,2017-,46,7,"The Chosen is a historical drama based on the life of Jesus and those who knew him. Set against the backdrop of Roman oppression in first-century Israel, the series shares an authentic look at Jesus' revolutionary life and teachings.","Drama, History",English,Canada
101,Monster,https://www.imdb.com/title/tt0434706/?ref_=chttvtp_t_101,8.7,67000,2004-2005,75,3,"Tenma, a brilliant neurosurgeon with a promising future, risks his career to save the life of a critically wounded young boy. The boy, now a charismatic young man, reappears 9 years later in the midst of a string of unusual serial murders.","Animation, Thriller, Crime",English,Japan
35,Only Fools and Horses,https://www.imdb.com/title/tt0081912/?ref_=chttvtp_t_35,9,66000,1981-2003,65,9,Follows two brothers from a rough London estate as they wheel and deal through a number of dodgy deals and search for the big score that'll make them millionaires.,Comedy,English,United Kingdom
207,Samurai Jack,https://www.imdb.com/title/tt0278238/?ref_=chttvtp_t_207,8.5,66000,2001-2017,62,5,"A samurai, sent through time, fights to return home and save the world.","Animation, Fantasy, Action",English,United States
42,Frieren: Beyond Journey's End,https://www.imdb.com/title/tt22248376/?ref_=chttvtp_t_42,8.9,65000,2023-,38,2,Elf mage Frieren and her fellow adventurers have defeated the Demon King and brought peace to the land. But Frieren will long outlive the rest of her former party. How will she come to understand what life means to the people around her?,"Animation, Adventure, Fantasy",Japanese,Japan
74,Blackadder Goes Forth,https://www.imdb.com/title/tt0096548/?ref_=chttvtp_t_74,8.8,65000,1989,6,1,"Stuck in the middle of World War I, Captain Edmund Blackadder does his best to escape the banality of the war.","Comedy, War",English,United Kingdom
214,Mob Psycho 100,https://www.imdb.com/title/tt5897304/?ref_=chttvtp_t_214,8.5,64000,2016-2022,37,3,"A psychic middle school boy tries to live a normal life and keep his growing powers under control, even though he constantly gets into trouble.","Animation, Action, Comedy",Japanese,Japan
196,Samurai Champloo,https://www.imdb.com/title/tt0423731/?ref_=chttvtp_t_196,8.5,63000,2004-2005,26,2,"Fuu, a waitress who works in a teahouse, rescues two master swordsmen, Mugen and Jin, from their execution to help her find the ""samurai who smells of sunflowers.""","Animation, Action, Adventure",Japanese,Japan
12,Our Planet,https://www.imdb.com/title/tt9253866/?ref_=chttvtp_t_12,9.2,62000,2019-2023,12,2,"Explores and unravels the mystery of how and why animals migrate, showing some of the most dramatic and compelling stories in the natural world through spectacular and innovative cinematography.",Documentary,English,United States
216,Spaced,https://www.imdb.com/title/tt0187664/?ref_=chttvtp_t_216,8.5,60000,1999-2001,14,2,"Friends Tim and Daisy, 20-something North Londoners with uncertain futures, must pretend to be a couple to live in the only apartment they can afford.",Comedy,English,United Kingdom
145,Poirot,https://www.imdb.com/title/tt0094525/?ref_=chttvtp_t_145,8.6,58000,1989-2013,70,13,"Hercule Poirot, a famous Belgian detective, who has an impeccable knack for getting embroiled in a mystery, solves crimes along with Captain Hastings and Scotland Yard Chief Inspector James Japp.","Mystery, Crime, Drama",English,United Kingdom
166,The Jinx: The Life and Deaths of Robert Durst,https://www.imdb.com/title/tt4299972/?ref_=chttvtp_t_166,8.6,58000,2015-2024,12,2,"Filmmaker Andrew Jarecki examines the complicated life of reclusive real estate icon Robert Durst, the key suspect in a series of unsolved crimes.","Crime, Documentary, Biography",English,United States
9,Blue Planet II,https://www.imdb.com/title/tt6769208/?ref_=chttvtp_t_9,9.3,57000,2017,7,2,"David Attenborough returns to the world's oceans in this sequel to the acclaimed documentary filming rare and unusual creatures of the deep, as well as documenting the problems our oceans face.",Documentary,English,United Kingdom
156,Crash Landing on You,https://www.imdb.com/title/tt10850932/?ref_=chttvtp_t_156,8.7,57000,2019-2020,19,2,The absolute top secret love story of a chaebol heiress who made an emergency landing in North Korea because of a paragliding accident and a North Korean special officer who falls in love with her and who is hiding and protecting her.,"Romance, Drama, Adventure",Korean,South Korea
190,Justice League,https://www.imdb.com/title/tt0275137/?ref_=chttvtp_t_190,8.5,57000,2001-2004,52,2,Seven of the most formidable heroes form arguably the most powerful team ever.,"Animation, Action, Adventure",English,United States
232,Trailer Park Boys,https://www.imdb.com/title/tt0290988/?ref_=chttvtp_t_232,8.5,57000,2001-2026,116,13,Three petty felons have a documentary made about their life in a trailer park.,"Comedy, Crime",English,Canada
52,Sahsiyet,https://www.imdb.com/title/tt7920978/?ref_=chttvtp_t_52,8.9,56000,2018-2024,22,2,A man diagnosed with Alzheimer's decides to punish criminals.,"Drama, Thriller, Crime",Turkish,Turkey
154,Blackadder II,https://www.imdb.com/title/tt0088484/?ref_=chttvtp_t_154,8.6,53000,1986,6,1,"In the Tudor court of Elizabeth I, Lord Edmund Blackadder strives to win Her Majesty's favour while attempting to avoid a grisly fate should he offend her.",Comedy,English,United Kingdom
11,Cosmos,https://www.imdb.com/title/tt0081846/?ref_=chttvtp_t_11,9.3,52000,1980,13,1,Astronomer Carl Sagan leads us on an engaging guided tour of the various elements and cosmological theories of the universe.,Documentary,English,United States
98,X-Men '97,https://www.imdb.com/title/tt16026746/?ref_=chttvtp_t_98,8.7,51000,2024-,12,3,"A band of mutants use their uncanny gifts to protect a world that hates and fears them; they're challenged like never before, forced to face a dangerous and unexpected new future.","Action, Animation, Adventure",English,United States
155,Haikyuu!!,https://www.imdb.com/title/tt3398540/?ref_=chttvtp_t_155,8.7,51000,2014-2020,89,4,"Determined to be like the volleyball championship's star player nicknamed ""the small giant"", Shoyo joins his school's volleyball club.","Animation, Comedy, Drama",Japanese,Japan
217,Impractical Jokers,https://www.imdb.com/title/tt2100976/?ref_=chttvtp_t_217,8.5,51000,2011-,325,12,"Q, Sal, Joe and Murr are real-life best friends who love challenging each other to the most outrageous dares and stunts ever caught on hidden camera.",Comedy,English,United States
18,Life,https://www.imdb.com/title/tt1533395/?ref_=chttvtp_t_18,9.1,50000,2009,11,2,"A global view of the specialized strategies and extreme behavior that living things have developed in order to survive; what Charles Darwin termed ""the struggle for existence.""",Documentary,English,United Kingdom
28,The Blue Planet,https://www.imdb.com/title/tt0296310/?ref_=chttvtp_t_28,9,50000,2001,8,2,"Five years in the making, taking a look at the rich tapestry of life in the world's oceans.",Documentary,English,United Kingdom
159,The Offer,https://www.imdb.com/title/tt13111040/?ref_=chttvtp_t_159,8.6,50000,2022,10,1,Oscar-winning producer Albert S. Ruddy's never-before-revealed experiences of making The Godfather (1972).,"Documentary, Drama, Biography",English,United States
168,Blackadder the Third,https://www.imdb.com/title/tt0092324/?ref_=chttvtp_t_168,8.6,50000,1987,6,1,"In the Regency era, Mr E. Blackadder serves as butler to the foppish numskull Prince George amidst the fads and crazes of the time.",Comedy,English,United Kingdom
185,Young Justice,https://www.imdb.com/title/tt1641384/?ref_=chttvtp_t_185,8.6,50000,2010-2022,98,4,Teenage superheroes strive to prove themselves as members of the Justice League.,"Drama, Action, Adventure",English,United States
203,Coupling,https://www.imdb.com/title/tt0237123/?ref_=chttvtp_t_203,8.5,50000,2000-2004,28,4,Six best friends talk about all aspects of sex and relationships on their never-ending quest to find true love.,"Comedy, Romance",English,United Kingdom
47,Nathan for You,https://www.imdb.com/title/tt2297757/?ref_=chttvtp_t_47,8.9,49000,2013-2017,32,4,"Nathan Fielder uses his business degree and life experiences to, in unorthodox ways, help real small businesses turn a profit.","Comedy, Documentary",English,United States
165,Gomorrah,https://www.imdb.com/title/tt2049116/?ref_=chttvtp_t_165,8.6,49000,2014-2021,58,5,Ciro disregards tradition in his attempt to become the next boss of his crime syndicate. The internal power struggle puts him and his entire family's life at risk.,"Drama, Crime, Thriller",Neapolitan,Italy
219,Whose Line Is It Anyway?,https://www.imdb.com/title/tt0163507/?ref_=chttvtp_t_219,8.5,49000,1998-2007,220,8,Improvisational comedy competition show in which four members of the regular cast as comedians and often with guest appearances with other comedians and celebrities and members of the audience perform various comic games and sketches.,Comedy,English,United States
249,Your Lie in April,https://www.imdb.com/title/tt3895150/?ref_=chttvtp_t_249,8.5,48000,2014-2015,23,2,A piano prodigy who lost his ability to play after suffering a traumatic event in his childhood is forced back into the spotlight by an eccentric girl with a secret of her own.,"Animation, Drama, Romance",Japanese,Japan
127,Father Ted,https://www.imdb.com/title/tt0111958/?ref_=chttvtp_t_127,8.6,47000,1995-1998,25,3,"Three misfit priests and their housekeeper live on Craggy Island, not the peaceful and quiet part of Ireland that it seems to be.",Comedy,English,United Kingdom
14,Bluey,https://www.imdb.com/title/tt7678620/?ref_=chttvtp_t_14,9.3,46000,2018-,195,4,The slice-of-life adventures of an Australian Blue Heeler Cattle Dog puppy as she has fun with her family and friends in everyday situations.,"Adventure, Animation, Family",English,Australia
136,Mr Inbetween,https://www.imdb.com/title/tt7472896/?ref_=chttvtp_t_136,8.7,46000,2018-2021,26,3,"Ray Shoesmith is a father, ex-husband, boyfriend, brother and best friend; tough roles to juggle in the modern age. Especially, when you're also a criminal for hire.","Comedy, Crime, Drama",English,Australia
210,Ezel,https://www.imdb.com/title/tt1534360/?ref_=chttvtp_t_210,8.6,43000,2009-2011,71,2,"Betrayed by his trusted friends and the woman he loved, Ömer Uçar returns as Ezel to exact his vengeance.","Crime, Drama, Thriller",Turkish,Turkey
248,The Boondocks,https://www.imdb.com/title/tt0373732/?ref_=chttvtp_t_248,8.5,41000,2005-2014,56,4,Brothers Huey and Riley Freeman experience a culture clash when they leave Chicago to move in with their grandfather in the suburbs.,"Animation, Comedy, Action",English,United States
33,Frozen Planet,https://www.imdb.com/title/tt2092588/?ref_=chttvtp_t_33,9,40000,2011-2012,10,1,Focuses on life and the environment in both the Arctic and Antarctic.,Documentary,English,United Kingdom
66,Das Boot,https://www.imdb.com/title/tt0081834/?ref_=chttvtp_t_66,8.8,40000,1985,3,1,A World War II German U-Boat crew have a terrifying patrol mission in the early days of the war.,"War, Drama",German,West Germany
147,It's a Sin,https://www.imdb.com/title/tt9140342/?ref_=chttvtp_t_147,8.6,40000,2021,5,1,"It is 1981 and Ritchie, Roscoe and Colin begin a new life in London. Strangers at first, these lads and Jill find themselves thrown together. But a new virus is on the rise, and soon their lives will be tested in ways they never imagined.",Drama,English,United Kingdom
182,The Bugs Bunny Show,https://www.imdb.com/title/tt0053488/?ref_=chttvtp_t_182,8.6,38000,1960-1975,78,3,TV series featuring the classic Looney Tunes animated shorts.,"Animation, Comedy",English,United States
15,The World at War,https://www.imdb.com/title/tt0071075/?ref_=chttvtp_t_15,9.2,37000,1973-1974,26,2,"26-part documentary series tracing World War II from the rise of Nazi Germany through the conflict's major campaigns and home fronts, using archival footage and firsthand interviews, narrated by Laurence Olivier.","Documentary, History, War",English,United Kingdom
46,The Beatles: Get Back,https://www.imdb.com/title/tt9735318/?ref_=chttvtp_t_46,8.9,37000,2021,3,1,"In January 1969, The Beatles set out to write and record new songs for their first live show in more than two years, culminating in an impromptu concert atop their Savile Row studio.","Documentary, Biography, History",English,United Kingdom
188,Endeavour,https://www.imdb.com/title/tt2701582/?ref_=chttvtp_t_188,8.6,37000,2012-2023,36,9,"Set from 1965 into the 1970s, the show follows Endeavour Morse in his early years as a police constable. Working alongside his senior partner DI Fred Thursday, Morse engages in a number of investigations around Oxford.","Drama, Crime, Mystery",English,United Kingdom
21,The Vietnam War,https://www.imdb.com/title/tt1877514/?ref_=chttvtp_t_21,9.1,36000,2017,10,1,"A documentary series chronicling the Vietnam War through archival footage and firsthand accounts from soldiers, civilians, and leaders on all sides, tracing its origins, major events, and enduring impact on the United States and Vietnam.","Documentary, History, War",English,United States
38,As If,https://www.imdb.com/title/tt13675832/?ref_=chttvtp_t_38,9,36000,2021-2025,68,6,Yilmaz and Ilkkan are two friends who are constantly fighting each other. Their greatest feature is always being able to do something that will turn their ordinary lives upside down.,Comedy,Turkish,Turkey
63,When Life Gives You Tangerines,https://www.imdb.com/title/tt26471411/?ref_=chttvtp_t_63,9.1,36000,2025,16,1,"In Jeju, a spirited girl and a steadfast boy's island story blossoms into a lifelong tale of setbacks and triumphs, proving love endures across time.","Drama, History, Romance",Korean,South Korea
128,Behzat Ç: An Ankara Detective Story,https://www.imdb.com/title/tt1795096/?ref_=chttvtp_t_128,8.8,36000,2010-2019,105,4,An inharmonious police team in Ankara Police Force and its discredited police chief fight crime.,"Drama, Crime, Mystery",Turkish,Turkey
161,Pose,https://www.imdb.com/title/tt7562112/?ref_=chttvtp_t_161,8.6,36000,2018-2021,26,3,"In the New York of the late '80s and early '90s, this is a story of ball culture and the gay and trans community, the raging AIDS crisis, and capitalism.",Drama,English,United States
208,The Rehearsal,https://www.imdb.com/title/tt10802170/?ref_=chttvtp_t_208,8.5,36000,2022-,12,2,Nathan Fielder gives people a chance to rehearse for their own lives in a world where nothing ever works out as expected.,"Comedy, Documentary, Drama",English,United States
44,Dekalog,https://www.imdb.com/title/tt0092337/?ref_=chttvtp_t_44,8.9,35000,1989-1990,10,2,"Ten television drama films, each one based on one of the Ten Commandments.",Drama,Polish,Poland
183,QI,https://www.imdb.com/title/tt0380136/?ref_=chttvtp_t_183,8.6,35000,2003-,374,23,"A comedy panel game in which being Quite Interesting is more important than being right. Sandi Toksvig is joined each week by four comedians to share anecdotes and trivia, and maybe answer some questions as well.",Comedy,English,United Kingdom
34,Human Planet,https://www.imdb.com/title/tt1806234/?ref_=chttvtp_t_34,9,34000,2011,8,1,A cinematic experience bringing you the most amazing human stories in the world. Humans and wildlife surviving in the most extreme environments on Earth,Documentary,English,United Kingdom
175,Scavengers Reign,https://www.imdb.com/title/tt21056886/?ref_=chttvtp_t_175,8.6,34000,2023,12,1,The crew of a damaged deep space freighter are stranded on a beautiful but dangerous planet.,"Animation, Drama, Sci-Fi",English,United States
45,Taskmaster,https://www.imdb.com/title/tt4934214/?ref_=chttvtp_t_45,9,30000,2015-,195,20,"Five comedians are set tasks challenging their creativity and wit. The tasks are supervised by Alex Horne but the Taskmaster, Greg Davies, always has the final word.",Comedy,English,United Kingdom
73,Gullak,https://www.imdb.com/title/tt10530900/?ref_=chttvtp_t_73,9.1,30000,2019-,20,4,"Set in quaint by-lanes in the heart of India, Gullak is a collection of disarming and relatable tales of the Mishra family.","Comedy, Drama, Family",Hindi,India
191,The Venture Bros.,https://www.imdb.com/title/tt0417373/?ref_=chttvtp_t_191,8.6,30000,2003-2018,86,7,"The bizarre escapades of pseudo-heroic scientist Dr. Rusty Venture, his competent, high-strung bodyguard, and his two overenthusiastic sons.","Animation, Action, Adventure",English,United States
124,The Thick of It,https://www.imdb.com/title/tt0459159/?ref_=chttvtp_t_124,8.7,29000,2005-2012,24,4,The Minister for Social Affairs is continually harassed by Number 10's policy enforcer and dependent on his not-so-reliable team of civil servants.,Comedy,English,United Kingdom
153,Lonesome Dove,https://www.imdb.com/title/tt0096639/?ref_=chttvtp_t_153,8.7,29000,1989,4,1,Two former Texas Rangers renew their spirit of adventure as they and several other residents of a small Texas town join a cattle drive to the Montana Territory.,"Drama, Western, Adventure",English,United States
151,Primal,https://www.imdb.com/title/tt10332508/?ref_=chttvtp_t_151,8.6,28000,2019-,30,3,A caveman and a dinosaur bond over unfortunate tragedies and become each other's only hope of survival in a treacherous world.,"Animation, Adventure, Horror",English,United States
179,Mystery Science Theatre 3000,https://www.imdb.com/title/tt0094517/?ref_=chttvtp_t_179,8.6,28000,1988-1999,199,11,"In the not-too-distant future Joel Robinson is held captive by Dr. Forrester and TV's Frank, forced to watch B-Grade movies on the Satellite of Love with the help of his robot friends: Cambot, Gypsy, Tom Servo and Crow T. Robot.","Comedy, Sci-Fi",English,United States
180,Yeh Meri Family,https://www.imdb.com/title/tt8595766/?ref_=chttvtp_t_180,8.9,28000,2018-,22,4,"Through the lens of a 90s kid, we witness a family navigate through the ups and downs of life during this magical and nostalgic era.","Comedy, Drama, Family",Hindi,India
115,Mahabharat,https://www.imdb.com/title/tt0158417/?ref_=chttvtp_t_115,8.9,27000,1988-1990,94,3,"When a dynastic struggle between the collateral branches of the Kuru clan, the Kauravas and Pandavas lead them to the threshold of war, Lord Krishna decides to step in and take control of the situation.","Drama, War, Action",Hindi,India
117,The Adventures of Sherlock Holmes,https://www.imdb.com/title/tt0086661/?ref_=chttvtp_t_117,8.7,27000,1984-1985,13,2,"Sherlock Holmes and Dr Watson solve the mysteries of copper beeches, a Greek interpreter, the Norwood builder, a resident patient, the red-headed league, and one final problem.","Crime, Drama, Mystery",English,United Kingdom
130,Ramayan,https://www.imdb.com/title/tt0268093/?ref_=chttvtp_t_130,9,27000,1987-1988,78,2,"An adaptation of the ancient epic in which the exiled Prince Rama and his brother Laxman set out to save Rama's wife, Sita, who has been kidnapped by the demon king of Lanka Ravana.","Drama, Fantasy, Adventure",Hindi,India
220,Alchemy of Souls,https://www.imdb.com/title/tt20859920/?ref_=chttvtp_t_220,8.7,27000,2022-2023,30,2,"Set in a fictional country called Daeho, it is about the love and growth of young mages as they overcome their twisted fates due to a forbidden magic spell known as the ""alchemy of souls"", which allows souls to switch bodies.","Fantasy, Romance, Drama",Korean,South Korea
36,The Civil War,https://www.imdb.com/title/tt0098769/?ref_=chttvtp_t_36,9,26000,1990,9,1,A comprehensive survey of the American Civil War.,"Documentary, History, War",English,United States
114,Justice League Unlimited,https://www.imdb.com/title/tt6025022/?ref_=chttvtp_t_114,8.7,25000,2004-2006,39,3,A continuation of the Justice League animated series finds the original members of the team joined in their battle against crime and evil by dozens of other heroes from the DC comics universe.,"Animation, Action, Adventure",English,United States
205,Detectorists,https://www.imdb.com/title/tt4082744/?ref_=chttvtp_t_205,8.6,25000,2014-2022,20,3,"The lives of two eccentric metal detectorists, who spend their days plodding along ploughed tracks and open fields, hoping to disturb the tedium by unearthing the fortune of a lifetime.",Comedy,English,United Kingdom
206,I'm Alan Partridge,https://www.imdb.com/title/tt0129690/?ref_=chttvtp_t_206,8.6,24000,1997-2002,12,2,"A failed television presenter, now presenting a programme on local radio desperately tries to revive his broadcasting career.",Comedy,English,United Kingdom
228,The Eric Andre Show,https://www.imdb.com/title/tt2244495/?ref_=chttvtp_t_228,8.5,24000,2012-,68,6,"Eric Andre tries to host a talk show in a bizarre environment, where he is sometimes the player of pranks and sometimes the victim.",Comedy,English,United States
242,Takopi's Original Sin,https://www.imdb.com/title/tt36988358/?ref_=chttvtp_t_242,8.7,24000,2025,6,1,"Takopi travels from his home of Happy Planet to spread happiness on Earth, but meets the unsmiling Shizuka. Her school friends and home life are causing her somber expression and pure hearted Takopi is determined to change things.","Animation, Drama, Sci-Fi",Japanese,Japan
243,Avrupa Yakasi,https://www.imdb.com/title/tt0421291/?ref_=chttvtp_t_243,8.6,24000,2004-2009,190,6,The life and times of the rather traditional Sutcuoglu family and their comedic struggles to adapt the high-profile contemporary life of Nisantasi.,Comedy,Turkish,Turkey
53,Africa,https://www.imdb.com/title/tt2571774/?ref_=chttvtp_t_53,8.9,23000,2013,7,1,"Africa, the world's wildest continent. David Attenborough takes an awe-inspiring journey through one of the most diverse places in the world. We visit deserts, savannas, and jungles and meet up with some of Africa's amazing wildlife.",Documentary,English,United Kingdom
231,My Brilliant Friend,https://www.imdb.com/title/tt7278862/?ref_=chttvtp_t_231,8.6,23000,2018-2024,34,4,A woman recounts the lifelong friendship and conflicts with a girl she met at primary school in Naples during the early 1950s.,Drama,Italian,Italy
83,"I, Claudius",https://www.imdb.com/title/tt0074006/?ref_=chttvtp_t_83,8.8,22000,1976,13,1,"The personal and governmental affairs of the Julio-Claudian dynasty at the beginning of the Roman Empire, as recalled by one of its rulers.","Drama, Biography, History",English,United Kingdom
224,All Creatures Great & Small,https://www.imdb.com/title/tt10590066/?ref_=chttvtp_t_224,8.6,22000,2020-,44,8,"James Herriot, fresh out of Glasgow Veterinary College, pursues his dream to become a vet in the Yorkshire Dales. He discovers that treating the animals is as much about treating their owners, and the Dales' farmers are a tough to please.","Drama, Comedy",English,United Kingdom
51,Apocalypse: The Second World War,https://www.imdb.com/title/tt1508238/?ref_=chttvtp_t_51,9,21000,2009,6,1,"This six-part series traces the Second World War, from the rise of the Nazis to the surrender of the Japanese, with detailed portraits of key figures.","Documentary, History, War",French,France
139,Sarabhai V/S Sarabhai,https://www.imdb.com/title/tt1518542/?ref_=chttvtp_t_139,8.8,20000,2004-2017,79,2,"Revolves around the lives of the members of an Uber Wealthy - High Society Gujarati family of Cuffe Parade - South Mumbai, whose daughter-in-law is from a middle class Delhi background.",Comedy,Hindi,India
199,Rocket Boys,https://www.imdb.com/title/tt13868972/?ref_=chttvtp_t_199,8.8,20000,2022-,16,2,"The story of two extraordinary men, Dr. Homi Jehangir Bhabha and Dr. Vikram Ambalal Sarabhai, who created history while building India's future.","Drama, History",Hindi,India
236,Gintama,https://www.imdb.com/title/tt0988818/?ref_=chttvtp_t_236,8.7,20000,2005-2021,375,8,"In an era where aliens have invaded and taken over feudal Tokyo, an unemployed samurai finds work however he can.","Animation, Comedy, Action",English,Japan
160,The Bureau,https://www.imdb.com/title/tt4063800/?ref_=chttvtp_t_160,8.7,19000,2015-2020,50,5,"A very unique and captivating series about the ""bureau des légendes"", the mythical powerhouse within the French Secret Service and its dare devil ghost agents.","Drama, Thriller",French,France
164,Yes Minister,https://www.imdb.com/title/tt0080306/?ref_=chttvtp_t_164,8.6,19000,1980-1984,22,3,"The Right Honorable James Hacker has landed the plum job of Cabinet Minister to the Department of Administration. At last he is in a position of power and can carry out some long-needed reforms, or so he thinks.",Comedy,English,United Kingdom
230,Through the Wormhole,https://www.imdb.com/title/tt1513168/?ref_=chttvtp_t_230,8.6,19000,2010-2017,62,8,"Morgan Freeman explores humanity's biggest questions: our composition, what preceded existence, if we're alone in the universe, and whether there's a creator - mysteries that have challenged our greatest minds.",Documentary,English,United States
82,Reply 1988,https://www.imdb.com/title/tt5182866/?ref_=chttvtp_t_82,9,18000,2015-2016,20,2,"Five childhood friends, who all live in the same Ssangmundong neighborhood of Seoul in 1988, lean on each other to survive their challenging teen years and set a path for their futures.","Drama, Comedy, Family",Korean,South Korea
240,Rurôni Kenshin: Meiji kenkaku romantan - Tsuioku-hen,https://www.imdb.com/title/tt0203082/?ref_=chttvtp_t_240,8.6,18000,1999,4,1,"In the era of Japan's Meiji Restoration, an assassin regains his humanity.","Animation, Action, Adventure",Japanese,Japan
122,How to with John Wilson,https://www.imdb.com/title/tt10801534/?ref_=chttvtp_t_122,8.7,17000,2020-2023,18,3,An anxious New Yorker attempts to give everyday advice while dealing with his own personal issues.,"Documentary, Comedy",English,United States
133,Fighting Spirit,https://www.imdb.com/title/tt0481256/?ref_=chttvtp_t_133,8.8,17000,2000-2002,76,3,"Ippo, a teenage boy with a pure heart and unrelenting determination, discovers a passion for boxing after veteran fighter Takamura saves him from bullies.","Animation, Action, Comedy",Japanese,Japan
163,El Chavo del Ocho,https://www.imdb.com/title/tt0229889/?ref_=chttvtp_t_163,8.7,17000,1972-1983,356,8,"The misadventures of a poor, homeless, fumbling boy and his friends in their humble neighborhood.","Comedy, Family",Spanish,Mexico
174,Homicide: Life on the Street,https://www.imdb.com/title/tt0106028/?ref_=chttvtp_t_174,8.7,17000,1993-1999,122,7,An American police procedural television series chronicling the work of a fictional version of the Baltimore Police Department's Homicide Unit.,"Drama, Crime, Mystery",English,United States
211,Long Way Round,https://www.imdb.com/title/tt0403778/?ref_=chttvtp_t_211,8.6,17000,2004-2010,10,1,"Ewan McGregor and Charley Boorman embark on a grueling quest to motorbike from London to New York. Going east through Europe, Asia and then to Alaska, they experience different cultures and have to overcome the elements and adversity.","Documentary, Adventure",English,United Kingdom
90,My Mister,https://www.imdb.com/title/tt7923710/?ref_=chttvtp_t_90,9,15000,2018,16,2,"A man in his 40s withstands the weight of life. A woman in her 20s goes through different experiences, but also withstands the weight of her life. The man and woman get together to help each other.","Drama, Family",Korean,South Korea
162,The Return of Sherlock Holmes,https://www.imdb.com/title/tt0090509/?ref_=chttvtp_t_162,8.7,15000,1986-1988,11,2,"Sherlock Holmes and Dr Watson solve the mysteries of the devil's foot, Silver Blaze, Wisteria Lodge and the Bruce-Partington Plans.","Crime, Drama, Mystery",English,United Kingdom
172,Critical Role,https://www.imdb.com/title/tt4834232/?ref_=chttvtp_t_172,9,15000,2015-,390,4,"A live weekly show in which a band of professional voice actors improvise, role-play, and roll their way through an epic Dungeons and Dragons campaign.","Adventure, Fantasy",English,United States
192,"Yes, Prime Minister",https://www.imdb.com/title/tt0086831/?ref_=chttvtp_t_192,8.6,15000,1986-1987,16,2,James Hacker was propelled along the corridors of power to the very pinnacle of politics - Number 10.,Comedy,English,United Kingdom
238,The Great British Bake Off,https://www.imdb.com/title/tt1877368/?ref_=chttvtp_t_238,8.6,15000,2010-,203,17,Bakers attempt three challenges each week trying to impress the judges enough to go through to the next round and eventually are crowned Britain's best amateur baker.,"Game Show, Reality TV, Cooking Competition",English,United Kingdom
247,Mahabharat,https://www.imdb.com/title/tt3212600/?ref_=chttvtp_t_247,8.7,15000,2013-2014,267,2,"The mother of all wars, the epitome of all rivalries, the cauldron of emotions, insecurities, jealousies, and power play - Mahabharat.","Drama, War, History",Hindi,India
195,Senke nad Balkanom,https://www.imdb.com/title/tt6108262/?ref_=chttvtp_t_195,8.8,14000,2017-2020,20,2,"A historical fiction drama and thriller set in the turbulent period of the late 1920s in the Balkans as a place where high politics, local interests, capital and crime all merge together.","Crime, Drama, Thriller",Serbian,Serbia
167,Greatest Events of WWII in Colour,https://www.imdb.com/title/tt9103932/?ref_=chttvtp_t_167,8.6,13000,2019,10,1,A series of colorized archive footage of important events during World War II.,"Documentary, History, War",English,United Kingdom
241,Brass Eye,https://www.imdb.com/title/tt0118273/?ref_=chttvtp_t_241,8.6,13000,1997-2001,7,2,"Controversial spoof of current affairs television, and the role of celebrity in the UK.",Comedy,English,United Kingdom
244,Twinkling Watermelon,https://www.imdb.com/title/tt27446493/?ref_=chttvtp_t_244,8.9,13000,2023,16,1,"""Sparkling Watermelon"" will tell the story of a boy living a double life between a model student and a band member who gets to time slip and meets his 18-year-old father. The two will build friendships there.","Drama, Comedy, Romance",Korean,South Korea
111,Still Game,https://www.imdb.com/title/tt0281491/?ref_=chttvtp_t_111,8.9,11000,2002-2019,63,9,"Cult Scottish comedy about the lives of two OAP's Jack and Victor and their views on how it used to be in the old days and how bad it is now in the fictional area of Craiglang, Glasgow.",Comedy,English,United Kingdom
222,Mind Your Language,https://www.imdb.com/title/tt0075537/?ref_=chttvtp_t_222,8.7,11000,1977-1986,42,4,A diverse group of immigrants and foreigners learn English at an adult education school in London.,Comedy,English,United Kingdom
226,Adventure Time: Fionna & Cake,https://www.imdb.com/title/tt15248880/?ref_=chttvtp_t_226,8.7,11000,2023-,20,2,"Fionna, her best friend Cake and the former Ice King, Simon Petrikov, embark on an adventure through the multiverse, dodging new threats and making self-discoveries along the way.","Animation, Drama, Action",English,United States